Workbook

Sheet Zenodo_ESG_Financial_Data
A1: Year | B1: Code | C1: Company's Name | D1: Corporate Sector | E1: RoA | F1: ESG Performance | G1: Leverage Ratio | H1: Sustainable Growth | I1: Tobin's Q
A2: 2023 | B2: ANTM | C2: Aneka Tambang Tbk | D2: Basic Materials | E2: 0.05 | F2: 34.72 | G2: 0.36 | H2: 0.14 | I2: 0.1
A3: 2023 | B3: AUTO | C3: Astra Otoparts Tbk | D3: Consumer Discretionary | E3: 0.11 | F3: 28.14 | G3: 0 | H3: 0.16 | I3: 0.07
A4: 2023 | B4: BBCA | C4: PT Bank Central Asia Tbk | D4: Financials | E4: 0.03 | F4: 21.2 | G4: 0.15 | H4: 0.49 | I4: 0.03
A5: 2023 | B5: BBNI | C5: PT Bank Negara Indonesia (Persero) Tbk | D5: Financials | E5: 0.02 | F5: 22.9 | G5: 0.12 | H5: 0.34 | I5: 0.02
A6: 2023 | B6: BBRI | C6: PT Bank Rakyat Indonesia (Persero) Tbk | D6: Financials | E6: 0.03 | F6: 17.7 | G6: 0.15 | H6: 0.28 | I6: 0.06
A7: 2023 | B7: BBTN | C7: PT Bank Tabungan Negara (Persero) Tbk | D7: Financials | E7: 0.01 | F7: 27.85 | G7: 0.06 | H7: 0.15 | I7: 0.03
A8: 2023 | B8: BMRI | C8: PT Bank Mandiri (Persero) Tbk | D8: Financials | E8: 0.03 | F8: 17.25 | G8: 0.12 | H8: 0.43 | I8: 0.02
A9: 2023 | B9: ICBP | C9: Indofood CBP Sukses Makmur Tbk | D9: Consumer Staples | E9: 0.07 | F9: 32.15 | G9: 0 | H9: 0.36 | I9: 0.08
A10: 2023 | B10: INDF | C10: Indofood Sukses Makmur Tbk | D10: Consumer Staples | E10: 0.06 | F10: 35.77 | G10: 0.46 | H10: 0.32 | I10: 0.05
A11: 2023 | B11: JSMR | C11: PT Jasa Marga Tbk | D11: Infrastructure | E11: 0.05 | F11: 10.3 | G11: 0.7 | H11: 0.45 | I11: 0.02
A12: 2023 | B12: KLBF | C12: Kalbe Farma Tbk | D12: Health Care | E12: 0.13 | F12: 31.2 | G12: 0.15 | H12: 0.38 | I12: 0.09
A13: 2023 | B13: SIDO | C13: PT Industri Jamu Dan Farmasi Sido Muncul Tbk | D13: Health Care | E13: 0.23 | F13: 21.87 | G13: 0 | H13: 0.57 | I13: 0.05
... A91: 2018 | B91: UNVR | C91: Unilever Indonesia Tbk | D91: Consumer Staples | E91: 0.17 | F91: 35.32 | G91: 0.04 | H91: 0.25 | I91: 0.01
B94: ESG | C94: (Current value-min)/(max-min)*100
B95: MAX | C95: =MAX(F2:F91) -> 42.2
B96: MIN | C96: =MIN(F2:F91) -> 9.63

Sheet Updated Data
A1: Year | B1: Code | C1: Company's Name | D1: Corporate Sector | E1: RoA | F1: ESG Performance | G1: Leverage Ratio | H1: Sustainable Growth | I1: Tobin's Q | J1: ESG_Normalized | K1: Sector Average ROA | L1: Profitability_Gap | M1: Leverage_to_ESG_Ratio | N1: Growth_Adjusted_ESG | O1: ESG_Quartile
A2: 2023 | B2: ANTM | C2: Aneka Tambang Tbk | D2: Basic Materials | E2: 0.05 | F2: 34.72 | G2: 0.36 | H2: 0.14 | I2: 0.1 | J2: =(F2-$B$95)/($B$94-$B$95)*100 -> 77.03408 | K2: =AVERAGEIFS($E$2:$E$91,$D$2:$D$91,D2) -> 0.15 | L2: =E2-K2 -> -0.1 | M2: =G2/J2 -> 0.0046732563 | N2: =J2*H2 -> 10.784771 | O2: =IF(J2<=_xlfn.QUARTILE.INC($J$2:$J$91,1),"Low",IF(J2<=_xlfn.QUARTILE.INC($J$2:$J$91,2),"Moderate",IF(J2<=_xlfn.QUARTILE.INC($J$2:$J$91,3),"High","Top"))) -> Top | P2: =IF(ISNUMBER('Updated Data'!E2),"OK","NOT NUMERIC") -> OK
A3: 2023 | B3: AUTO | C3: Astra Otoparts Tbk | D3: Consumer Discretionary | E3: 0.11 | F3: 28.14 | G3: 0 | H3: 0.16 | I3: 0.07 | J3: =(F3-$B$95)/($B$94-$B$95)*100 -> 56.83144 | K3: =AVERAGEIFS($E$2:$E$91,$D$2:$D$91,D3) -> 0.12666667 | L3: =E3-K3 -> -0.016666667 | M3: =G3/J3 -> 0 | N3: =J3*H3 -> 9.0930304 | O3: =IF(J3<=_xlfn.QUARTILE.INC($J$2:$J$91,1),"Low",IF(J3<=_xlfn.QUARTILE.INC($J$2:$J$91,2),"Moderate",IF(J3<=_xlfn.QUARTILE.INC($J$2:$J$91,3),"High","Top"))) -> High | P3: =IF(ISNUMBER('Updated Data'!E3),"OK","NOT NUMERIC") -> OK
A4: 2023 | B4: BBCA | C4: PT Bank Central Asia Tbk | D4: Financials | E4: 0.03 | F4: 21.2 | G4: 0.15 | H4: 0.49 | I4: 0.03 | J4: =(F4-$B$95)/($B$94-$B$95)*100 -> 35.523488 | K4: =AVERAGEIFS($E$2:$E$91,$D$2:$D$91,D4) -> 0.064333333 | L4: =E4-K4 -> -0.034333333 | M4: =G4/J4 -> 0.0042225583 | N4: =J4*H4 -> 17.406509 | O4: =IF(J4<=_xlfn.QUARTILE.INC($J$2:$J$91,1),"Low",IF(J4<=_xlfn.QUARTILE.INC($J$2:$J$91,2),"Moderate",IF(J4<=_xlfn.QUARTILE.INC($J$2:$J$91,3),"High","Top"))) -> Moderate | P4: =IF(ISNUMBER('Updated Data'!E4),"OK","NOT NUMERIC") -> OK
A5: 2023 | B5: BBNI | C5: PT Bank Negara Indonesia (Persero) Tbk | D5: Financials | E5: 0.02 | F5: 22.9 | G5: 0.12 | H5: 0.34 | I5: 0.02 | J5: =(F5-$B$95)/($B$94-$B$95)*100 -> 40.743015 | K5: =AVERAGEIFS($E$2:$E$91,$D$2:$D$91,D5) -> 0.064333333 | L5: =E5-K5 -> -0.044333333 | M5: =G5/J5 -> 0.0029452901 | N5: =J5*H5 -> 13.852625 | O5: =IF(J5<=_xlfn.QUARTILE.INC($J$2:$J$91,1),"Low",IF(J5<=_xlfn.QUARTILE.INC($J$2:$J$91,2),"Moderate",IF(J5<=_xlfn.QUARTILE.INC($J$2:$J$91,3),"High","Top"))) -> Moderate | P5: =IF(ISNUMBER('Updated Data'!E5),"OK","NOT NUMERIC") -> OK
A6: 2023 | B6: BBRI | C6: PT Bank Rakyat Indonesia (Persero) Tbk | D6: Financials | E6: 0.03 | F6: 17.7 | G6: 0.15 | H6: 0.28 | I6: 0.06 | J6: =(F6-$B$95)/($B$94-$B$95)*100 -> 24.777403 | K6: =AVERAGEIFS($E$2:$E$91,$D$2:$D$91,D6) -> 0.064333333 | L6: =E6-K6 -> -0.034333333 | M6: =G6/J6 -> 0.0060539033 | N6: =J6*H6 -> 6.9376727 | O6: =IF(J6<=_xlfn.QUARTILE.INC($J$2:$J$91,1),"Low",IF(J6<=_xlfn.QUARTILE.INC($J$2:$J$91,2),"Moderate",IF(J6<=_xlfn.QUARTILE.INC($J$2:$J$91,3),"High","Top"))) -> Low | P6: =IF(ISNUMBER('Updated Data'!E6),"OK","NOT NUMERIC") -> OK
A7: 2023 | B7: BBTN | C7: PT Bank Tabungan Negara (Persero) Tbk | D7: Financials | E7: 0.01 | F7: 27.85 | G7: 0.06 | H7: 0.15 | I7: 0.03 | J7: =(F7-$B$95)/($B$94-$B$95)*100 -> 55.94105 | K7: =AVERAGEIFS($E$2:$E$91,$D$2:$D$91,D7) -> 0.064333333 | L7: =E7-K7 -> -0.054333333 | M7: =G7/J7 -> 0.0010725576 | N7: =J7*H7 -> 8.3911575 | O7: =IF(J7<=_xlfn.QUARTILE.INC($J$2:$J$91,1),"Low",IF(J7<=_xlfn.QUARTILE.INC($J$2:$J$91,2),"Moderate",IF(J7<=_xlfn.QUARTILE.INC($J$2:$J$91,3),"High","Top"))) -> High | P7: =IF(ISNUMBER('Updated Data'!E7),"OK","NOT NUMERIC") -> OK
A8: 2023 | B8: BMRI | C8: PT Bank Mandiri (Persero) Tbk | D8: Financials | E8: 0.03 | F8: 17.25 | G8: 0.12 | H8: 0.43 | I8: 0.02 | J8: =(F8-$B$95)/($B$94-$B$95)*100 -> 23.395763 | K8: =AVERAGEIFS($E$2:$E$91,$D$2:$D$91,D8) -> 0.064333333 | L8: =E8-K8 -> -0.034333333 | M8: =G8/J8 -> 0.0051291339 | N8: =J8*H8 -> 10.060178 | O8: =IF(J8<=_xlfn.QUARTILE.INC($J$2:$J$91,1),"Low",IF(J8<=_xlfn.QUARTILE.INC($J$2:$J$91,2),"Moderate",IF(J8<=_xlfn.QUARTILE.INC($J$2:$J$91,3),"High","Top"))) -> Low | P8: =IF(ISNUMBER('Updated Data'!E8),"OK","NOT NUMERIC") -> OK
A9: 2023 | B9: ICBP | C9: Indofood CBP Sukses Makmur Tbk | D9: Consumer Staples | E9: 0.07 | F9: 32.15 | G9: 0 | H9: 0.36 | I9: 0.08 | J9: =(F9-$B$95)/($B$94-$B$95)*100 -> 69.143383 | K9: =AVERAGEIFS($E$2:$E$91,$D$2:$D$91,D9) -> 0.12 | L9: =E9-K9 -> -0.05 | M9: =G9/J9 -> 0 | N9: =J9*H9 -> 24.891618 | O9: =IF(J9<=_xlfn.QUARTILE.INC($J$2:$J$91,1),"Low",IF(J9<=_xlfn.QUARTILE.INC($J$2:$J$91,2),"Moderate",IF(J9<=_xlfn.QUARTILE.INC($J$2:$J$91,3),"High","Top"))) -> Top | P9: =IF(ISNUMBER('Updated Data'!E9),"OK","NOT NUMERIC") -> OK
A10: 2023 | B10: INDF | C10: Indofood Sukses Makmur Tbk | D10: Consumer Staples | E10: 0.06 | F10: 35.77 | G10: 0.46 | H10: 0.32 | I10: 0.05 | J10: =(F10-$B$95)/($B$94-$B$95)*100 -> 80.257906 | K10: =AVERAGEIFS($E$2:$E$91,$D$2:$D$91,D10) -> 0.12 | L10: =E10-K10 -> -0.06 | M10: =G10/J10 -> 0.0057315226 | N10: =J10*H10 -> 25.68253 | O10: =IF(J10<=_xlfn.QUARTILE.INC($J$2:$J$91,1),"Low",IF(J10<=_xlfn.QUARTILE.INC($J$2:$J$91,2),"Moderate",IF(J10<=_xlfn.QUARTILE.INC($J$2:$J$91,3),"High","Top"))) -> Top | P10: =IF(ISNUMBER('Updated Data'!E10),"OK","NOT NUMERIC") -> OK
A11: 2023 | B11: JSMR | C11: PT Jasa Marga Tbk | D11: Infrastructure | E11: 0.05 | F11: 10.3 | G11: 0.7 | H11: 0.45 | I11: 0.02 | J11: =(F11-$B$95)/($B$94-$B$95)*100 -> 2.0571078 | K11: =AVERAGEIFS($E$2:$E$91,$D$2:$D$91,D11) -> 0.1325 | L11: =E11-K11 -> -0.0825 | M11: =G11/J11 -> 0.34028358 | N11: =J11*H11 -> 0.9256985 | O11: =IF(J11<=_xlfn.QUARTILE.INC($J$2:$J$91,1),"Low",IF(J11<=_xlfn.QUARTILE.INC($J$2:$J$91,2),"Moderate",IF(J11<=_xlfn.QUARTILE.INC($J$2:$J$91,3),"High","Top"))) -> Low | P11: =IF(ISNUMBER('Updated Data'!E11),"OK","NOT NUMERIC") -> OK
A12: 2023 | B12: KLBF | C12: Kalbe Farma Tbk | D12: Health Care | E12: 0.13 | F12: 31.2 | G12: 0.15 | H12: 0.38 | I12: 0.09 | J12: =(F12-$B$95)/($B$94-$B$95)*100 -> 66.226589 | K12: =AVERAGEIFS($E$2:$E$91,$D$2:$D$91,D12) -> 0.18583333 | L12: =E12-K12 -> -0.055833333 | M12: =G12/J12 -> 0.0022649513 | N12: =J12*H12 -> 25.166104 | O12: =IF(J12<=_xlfn.QUARTILE.INC($J$2:$J$91,1),"Low",IF(J12<=_xlfn.QUARTILE.INC($J$2:$J$91,2),"Moderate",IF(J12<=_xlfn.QUARTILE.INC($J$2:$J$91,3),"High","Top"))) -> High | P12: =IF(ISNUMBER('Updated Data'!E12),"OK","NOT NUMERIC") -> OK
A13: 2023 | B13: SIDO | C13: PT Industri Jamu Dan Farmasi Sido Muncul Tbk | D13: Health Care | E13: 0.23 | F13: 21.87 | G13: 0 | H13: 0.57 | I13: 0.05 | J13: =(F13-$B$95)/($B$94-$B$95)*100 -> 37.580596 | K13: =AVERAGEIFS($E$2:$E$91,$D$2:$D$91,D13) -> 0.18583333 | L13: =E13-K13 -> 0.044166667 | M13: =G13/J13 -> 0 | N13: =J13*H13 -> 21.42094 | O13: =IF(J13<=_xlfn.QUARTILE.INC($J$2:$J$91,1),"Low",IF(J13<=_xlfn.QUARTILE.INC($J$2:$J$91,2),"Moderate",IF(J13<=_xlfn.QUARTILE.INC($J$2:$J$91,3),"High","Top"))) -> Moderate | P13: =IF(ISNUMBER('Updated Data'!E13),"OK","NOT NUMERIC") -> OK
... A40: 2021 | B40: INDF | C40: Indofood Sukses Makmur Tbk | D40: Consumer Staples | E40: 0.07 | F40: 34.87 | G40: 0.52 | H40: 0.33 | I40: 0.03 | J40: =(F40-$B$95)/($B$94-$B$95)*100 -> 77.494627 | K40: =AVERAGEIFS($E$2:$E$91,$D$2:$D$91,D40) -> 0.12 | L40: =E40-K40 -> -0.05 | M40: =G40/J40 -> 0.0067101426 | N40: =J40*H40 -> 25.573227 | O40: =IF(J40<=_xlfn.QUARTILE.INC($J$2:$J$91,1),"Low",IF(J40<=_xlfn.QUARTILE.INC($J$2:$J$91,2),"Moderate",IF(J40<=_xlfn.QUARTILE.INC($J$2:$J$91,3),"High","Top"))) -> Top | P40: =IF(ISNUMBER('Updated Data'!E40),"OK","NOT NUMERIC") -> OK
A41: 2021 | B41: JSMR | C41: PT Jasa Marga Tbk | D41: Infrastructure | E41: 0.01 | F41: 9.63 | G41: 0.75 | H41: 0.46 | I41: 0.02 | J41: =(F41-$B$95)/($B$94-$B$95)*100 -> 0 | K41: =AVERAGEIFS($E$2:$E$91,$D$2:$D$91,D41) -> 0.1325 | L41: =E41-K41 -> -0.1225 | M41: =G41/1 -> 0.75 | N41: =J41*H41 -> 0 | O41: =IF(J41<=_xlfn.QUARTILE.INC($J$2:$J$91,1),"Low",IF(J41<=_xlfn.QUARTILE.INC($J$2:$J$91,2),"Moderate",IF(J41<=_xlfn.QUARTILE.INC($J$2:$J$91,3),"High","Top"))) -> Low | P41: =IF(ISNUMBER('Updated Data'!E41),"OK","NOT NUMERIC") -> OK
A42: 2021 | B42: KLBF | C42: Kalbe Farma Tbk | D42: Health Care | E42: 0.13 | F42: 30.74 | G42: 0.17 | H42: 0.42 | I42: 0.01 | J42: =(F42-$B$95)/($B$94-$B$95)*100 -> 64.814246 | K42: =AVERAGEIFS($E$2:$E$91,$D$2:$D$91,D42) -> 0.18583333 | L42: =E42-K42 -> -0.055833333 | M42: =G42/J42 -> 0.0026228802 | N42: =J42*H42 -> 27.221983 | O42: =IF(J42<=_xlfn.QUARTILE.INC($J$2:$J$91,1),"Low",IF(J42<=_xlfn.QUARTILE.INC($J$2:$J$91,2),"Moderate",IF(J42<=_xlfn.QUARTILE.INC($J$2:$J$91,3),"High","Top"))) -> High | P42: =IF(ISNUMBER('Updated Data'!E42),"OK","NOT NUMERIC") -> OK
A43: 2021 | B43: SIDO | C43: PT Industri Jamu Dan Farmasi Sido Muncul Tbk | D43: Health Care | E43: 0.31 | F43: 21.5 | G43: 0 | H43: 0.57 | I43: 0.02 | J43: =(F43-$B$95)/($B$94-$B$95)*100 -> 36.444581 | K43: =AVERAGEIFS($E$2:$E$91,$D$2:$D$91,D43) -> 0.18583333 | L43: =E43-K43 -> 0.12416667 | M43: =G43/J43 -> 0 | N43: =J43*H43 -> 20.773411 | O43: =IF(J43<=_xlfn.QUARTILE.INC($J$2:$J$91,1),"Low",IF(J43<=_xlfn.QUARTILE.INC($J$2:$J$91,2),"Moderate",IF(J43<=_xlfn.QUARTILE.INC($J$2:$J$91,3),"High","Top"))) -> Moderate | P43: =IF(ISNUMBER('Updated Data'!E43),"OK","NOT NUMERIC") -> OK
A44: 2021 | B44: TLKM | C44: PT Telkom Indonesia (Persero) Tbk | D44: Infrastructure | E44: 0.13 | F44: 24.84 | G44: 0.48 | H44: 0.63 | I44: 0 | J44: =(F44-$B$95)/($B$94-$B$95)*100 -> 46.699417 | K44: =AVERAGEIFS($E$2:$E$91,$D$2:$D$91,D44) -> 0.1325 | L44: =E44-K44 -> -0.0025 | M44: =G44/J44 -> 0.010278501 | N44: =J44*H44 -> 29.420632 | O44: =IF(J44<=_xlfn.QUARTILE.INC($J$2:$J$91,1),"Low",IF(J44<=_xlfn.QUARTILE.INC($J$2:$J$91,2),"Moderate",IF(J44<=_xlfn.QUARTILE.INC($J$2:$J$91,3),"High","Top"))) -> High | P44: =IF(ISNUMBER('Updated Data'!E44),"OK","NOT NUMERIC") -> OK
A45: 2021 | B45: UNTR | C45: United Tractors Tbk | D45: Industrials | E45: 0.11 | F45: 41.25 | G45: 0 | H45: 0.25 | I45: 0.02 | J45: =(F45-$B$95)/($B$94-$B$95)*100 -> 97.083205 | K45: =AVERAGEIFS($E$2:$E$91,$D$2:$D$91,D45) -> 0.10166667 | L45: =E45-K45 -> 0.0083333333 | M45: =G45/J45 -> 0 | N45: =J45*H45 -> 24.270801 | O45: =IF(J45<=_xlfn.QUARTILE.INC($J$2:$J$91,1),"Low",IF(J45<=_xlfn.QUARTILE.INC($J$2:$J$91,2),"Moderate",IF(J45<=_xlfn.QUARTILE.INC($J$2:$J$91,3),"High","Top"))) -> Top | P45: =IF(ISNUMBER('Updated Data'!E45),"OK","NOT NUMERIC") -> OK
A46: 2021 | B46: UNVR | C46: Unilever Indonesia Tbk | D46: Consumer Staples | E46: 0.3 | F46: 17.68 | G46: 0.77 | H46: 0.5 | I46: 0.03 | J46: =(F46-$B$95)/($B$94-$B$95)*100 -> 24.715996 | K46: =AVERAGEIFS($E$2:$E$91,$D$2:$D$91,D46) -> 0.12 | L46: =E46-K46 -> 0.18 | M46: =G46/J46 -> 0.031153913 | N46: =J46*H46 -> 12.357998 | O46: =IF(J46<=_xlfn.QUARTILE.INC($J$2:$J$91,1),"Low",IF(J46<=_xlfn.QUARTILE.INC($J$2:$J$91,2),"Moderate",IF(J46<=_xlfn.QUARTILE.INC($J$2:$J$91,3),"High","Top"))) -> Low | P46: =IF(ISNUMBER('Updated Data'!E46),"OK","NOT NUMERIC") -> OK
A47: 2020 | B47: ANTM | C47: Aneka Tambang Tbk | D47: Basic Materials | E47: 0.18 | F47: 13.48 | G47: 0.73 | H47: 0.41 | I47: 0 | J47: =(F47-$B$95)/($B$94-$B$95)*100 -> 11.820694 | K47: =AVERAGEIFS($E$2:$E$91,$D$2:$D$91,D47) -> 0.15 | L47: =E47-K47 -> 0.03 | M47: =G47/J47 -> 0.061756104 | N47: =J47*H47 -> 4.8464845 | O47: =IF(J47<=_xlfn.QUARTILE.INC($J$2:$J$91,1),"Low",IF(J47<=_xlfn.QUARTILE.INC($J$2:$J$91,2),"Moderate",IF(J47<=_xlfn.QUARTILE.INC($J$2:$J$91,3),"High","Top"))) -> Low | P47: =IF(ISNUMBER('Updated Data'!E47),"OK","NOT NUMERIC") -> OK
A48: 2020 | B48: AUTO | C48: Astra Otoparts Tbk | D48: Consumer Discretionary | E48: 0.28 | F48: 35.89 | G48: 0.2 | H48: 0.35 | I48: 0.02 | J48: =(F48-$B$95)/($B$94-$B$95)*100 -> 80.626343 | K48: =AVERAGEIFS($E$2:$E$91,$D$2:$D$91,D48) -> 0.12666667 | L48: =E48-K48 -> 0.15333333 | M48: =G48/J48 -> 0.0024805788 | N48: =J48*H48 -> 28.21922 | O48: =IF(J48<=_xlfn.QUARTILE.INC($J$2:$J$91,1),"Low",IF(J48<=_xlfn.QUARTILE.INC($J$2:$J$91,2),"Moderate",IF(J48<=_xlfn.QUARTILE.INC($J$2:$J$91,3),"High","Top"))) -> Top | P48: =IF(ISNUMBER('Updated Data'!E48),"OK","NOT NUMERIC") -> OK
A49: 2020 | B49: BBCA | C49: PT Bank Central Asia Tbk | D49: Financials | E49: 0.07 | F49: 19.93 | G49: 0.6 | H49: 0.17 | I49: 0 | J49: =(F49-$B$95)/($B$94-$B$95)*100 -> 31.624194 | K49: =AVERAGEIFS($E$2:$E$91,$D$2:$D$91,D49) -> 0.064333333 | L49: =E49-K49 -> 0.0056666667 | M49: =G49/J49 -> 0.018972816 | N49: =J49*H49 -> 5.376113 | O49: =IF(J49<=_xlfn.QUARTILE.INC($J$2:$J$91,1),"Low",IF(J49<=_xlfn.QUARTILE.INC($J$2:$J$91,2),"Moderate",IF(J49<=_xlfn.QUARTILE.INC($J$2:$J$91,3),"High","Top"))) -> Moderate | P49: =IF(ISNUMBER('Updated Data'!E49),"OK","NOT NUMERIC") -> OK
A50: 2020 | B50: BBNI | C50: PT Bank Negara Indonesia (Persero) Tbk | D50: Financials | E50: 0.02 | F50: 11.91 | G50: 0.18 | H50: 0.3 | I50: 0.01 | J50: =(F50-$B$95)/($B$94-$B$95)*100 -> 7.000307 | K50: =AVERAGEIFS($E$2:$E$91,$D$2:$D$91,D50) -> 0.064333333 | L50: =E50-K50 -> -0.044333333 | M50: =G50/J50 -> 0.025713158 | N50: =J50*H50 -> 2.1000921 | O50: =IF(J50<=_xlfn.QUARTILE.INC($J$2:$J$91,1),"Low",IF(J50<=_xlfn.QUARTILE.INC($J$2:$J$91,2),"Moderate",IF(J50<=_xlfn.QUARTILE.INC($J$2:$J$91,3),"High","Top"))) -> Low | P50: =IF(ISNUMBER('Updated Data'!E50),"OK","NOT NUMERIC") -> OK
A51: 2020 | B51: BBRI | C51: PT Bank Rakyat Indonesia (Persero) Tbk | D51: Financials | E51: 0.1 | F51: 19.33 | G51: 0.38 | H51: 0.45 | I51: 0.06 | J51: =(F51-$B$95)/($B$94-$B$95)*100 -> 29.782008 | K51: =AVERAGEIFS($E$2:$E$91,$D$2:$D$91,D51) -> 0.064333333 | L51: =E51-K51 -> 0.035666667 | M51: =G51/J51 -> 0.012759381 | N51: =J51*H51 -> 13.401904 | O51: =IF(J51<=_xlfn.QUARTILE.INC($J$2:$J$91,1),"Low",IF(J51<=_xlfn.QUARTILE.INC($J$2:$J$91,2),"Moderate",IF(J51<=_xlfn.QUARTILE.INC($J$2:$J$91,3),"High","Top"))) -> Moderate | P51: =IF(ISNUMBER('Updated Data'!E51),"OK","NOT NUMERIC") -> OK
A52: 2020 | B52: BBTN | C52: PT Bank Tabungan Negara (Persero) Tbk | D52: Financials | E52: 0.12 | F52: 19.76 | G52: 0.65 | H52: 0.35 | I52: 0.01 | J52: =(F52-$B$95)/($B$94-$B$95)*100 -> 31.102241 | K52: =AVERAGEIFS($E$2:$E$91,$D$2:$D$91,D52) -> 0.064333333 | L52: =E52-K52 -> 0.055666667 | M52: =G52/J52 -> 0.020898815 | N52: =J52*H52 -> 10.885784 | O52: =IF(J52<=_xlfn.QUARTILE.INC($J$2:$J$91,1),"Low",IF(J52<=_xlfn.QUARTILE.INC($J$2:$J$91,2),"Moderate",IF(J52<=_xlfn.QUARTILE.INC($J$2:$J$91,3),"High","Top"))) -> Moderate | P52: =IF(ISNUMBER('Updated Data'!E52),"OK","NOT NUMERIC") -> OK
A53: 2020 | B53: BMRI | C53: PT Bank Mandiri (Persero) Tbk | D53: Financials | E53: 0.09 | F53: 31.89 | G53: 0.65 | H53: 0.3 | I53: 0.07 | J53: =(F53-$B$95)/($B$94-$B$95)*100 -> 68.345103 | K53: =AVERAGEIFS($E$2:$E$91,$D$2:$D$91,D53) -> 0.064333333 | L53: =E53-K53 -> 0.025666667 | M53: =G53/J53 -> 0.0095105571 | N53: =J53*H53 -> 20.503531 | O53: =IF(J53<=_xlfn.QUARTILE.INC($J$2:$J$91,1),"Low",IF(J53<=_xlfn.QUARTILE.INC($J$2:$J$91,2),"Moderate",IF(J53<=_xlfn.QUARTILE.INC($J$2:$J$91,3),"High","Top"))) -> Top | P53: =IF(ISNUMBER('Updated Data'!E53),"OK","NOT NUMERIC") -> OK
... A91: 2018 | B91: UNVR | C91: Unilever Indonesia Tbk | D91: Consumer Staples | E91: 0.17 | F91: 35.32 | G91: 0.04 | H91: 0.25 | I91: 0.01 | J91: =(F91-$B$95)/($B$94-$B$95)*100 -> 78.876267 | K91: =AVERAGEIFS($E$2:$E$91,$D$2:$D$91,D91) -> 0.12 | L91: =E91-K91 -> 0.05 | M91: =G91/J91 -> 0.00050712339 | N91: =J91*H91 -> 19.719067 | O91: =IF(J91<=_xlfn.QUARTILE.INC($J$2:$J$91,1),"Low",IF(J91<=_xlfn.QUARTILE.INC($J$2:$J$91,2),"Moderate",IF(J91<=_xlfn.QUARTILE.INC($J$2:$J$91,3),"High","Top"))) -> Top | P91: =IF(ISNUMBER('Updated Data'!E91),"OK","NOT NUMERIC") -> OK
A93: ESG | B93: (Current value-min)/(max-min)*100 | F93: ESG Quartile1 | G93: =_xlfn.QUARTILE.INC(J2:J91,1) -> 25.614062 | H93: Quartile | I93: Range (Approx.) | J93: Label | K93: Interpretation
A94: MAX | B94: 42.2 | F94: ESG Quartile2 | G94: =_xlfn.QUARTILE.INC(J2:J91,2) -> 45.624808 | H94: Q1 | I94: Bottom 25% | J94: Low ESG Performers | K94: Weak sustainability performance, high risk
A95: MIN | B95: 9.63 | F95: ESG Quartile3 | G95: =_xlfn.QUARTILE.INC(J2:J91,3) -> 66.756217 | H95: Q2 | I95: 25–50% | J95: Moderate ESG | K95: Emerging practices, some gaps
H96: Q3 | I96: 50-75% | J96: High ESG | K96: Strong sustainability performance
H97: Q4 | I97: Top 25% | J97: Top ESG Leaders | K97: Industry leaders with mature ESG systems
A99: Profitability Gap = Company's ROI - Sector average ROI
A100: Leverage to ESG ratio = Leverage/ESG
A101: Growth adjusted ESG = ESG*Sustainable growth

Sheet Correlation_Results
B2: ROA | C2: ESG Performance | D2: Leverage Ratio | E2: Sustainable Growth | F2: Tobin's Q | G2: ESG Normalized | H2: Sector average ROA | I2: Profitability gap | J2: Leverage to ESG Ratio | K2: Growth adjusted ESG
A3: ROA | B3: 1
A4: ESG Performance | B4: 0.044283741 | C4: 1 | M4: ESG performance and ROA =0.044
A5: Leverage Ratio | B5: 0.26164268 | C5: -0.31226632 | D5: 1 | M5: Growth adjusted ESG and ESG performance = 0.73
A6: Sustainable Growth | B6: 0.2965566 | C6: -0.23560815 | D6: 0.19879759 | E6: 1 | M6: ESG performance and Tobin's q = 0.19
A7: Tobin's Q | B7: -0.025478343 | C7: 0.19041002 | D7: -0.10096999 | E7: -0.014365888 | F7: 1
A8: ESG Normalized | B8: 0.044283741 | C8: 1 | D8: -0.31226632 | E8: -0.23560815 | F8: 0.19041002 | G8: 1
A9: Sector average ROA | B9: 0.47304196 | C9: 0.027248923 | D9: 0.1360948 | E9: 0.33835288 | F9: 0.19911406 | G9: 0.027248923 | H9: 1
A10: Profitability gap | B10: 0.88717162 | C10: 0.035987241 | D10: 0.22566585 | E10: 0.159359 | F10: -0.13320085 | G10: 0.035987241 | H10: 0.013122689 | I10: 1
A11: Leverage to ESG Ratio | B11: -0.16255789 | C11: -0.37658689 | D11: 0.33346875 | E11: 0.11043782 | F11: -0.13035239 | G11: -0.37658689 | H11: 0.088548317 | I11: -0.23086763 | J11: 1
A12: Growth adjusted ESG | B12: 0.23914992 | C12: 0.73510526 | D12: -0.11004947 | E12: 0.43367658 | F12: 0.18642228 | G12: 0.73510526 | H12: 0.2161963 | I12: 0.15818556 | J12: -0.33013097 | K12: 1
A14: I used ten variables from my dataset including profitability, ESG scores, growth, leverage, and custom ratios like Growth Adjusted ESG. I generated a correlation matrix to identify linear relationships.
A15: The matrix helped me detect strong relationships like Leverage and ROA (–0.88), while ESG showed weaker positive correlations with ROA and Tobin’s Q, indicating its effect may be indirect or conditional.

Sheet Regression_ROA_ESG
A1: SUMMARY OUTPUT
A3: Regression Statistics | E3: Independent variable | F3: ESG
A4: Multiple R | B4: 0.034043644 | E4: Dependent variable | F4: ROA
A5: R Square | B5: 0.0011589697 | E5: R² = 0.0012 → ESG explains only 0.12% of the variation in ROA.
A6: Adjusted R Square | B6: -0.010191497
A7: Standard Error | B7: 0.089335551 | E7: P-value = 0.75 → The result is not statistically significant.
A8: Observations | B8: 90
A10: ANOVA
B11: df | C11: SS | D11: MS | E11: F | F11: Significance F
A12: Regression | B12: 1 | C12: 0.00081490507 | D12: 0.00081490507 | E12: 0.10210767 | F12: 0.75007221
A13: Residual | B13: 88 | C13: 0.70231398 | D13: 0.0079808407
A14: Total | B14: 89 | C14: 0.70312889
B16: Coefficients | C16: Standard Error | D16: t Stat | E16: P-value | F16: Lower 95% | G16: Upper 95% | H16: Lower 95.0% | I16: Upper 95.0%
A17: Intercept | B17: 0.10397701 | C17: 0.030096055 | D17: 3.4548385 | E17: 0.00084934446 | F17: 0.044167424 | G17: 0.16378659 | H17: 0.044167424 | I17: 0.16378659
A18: X Variable 1 (ESG Performance) | B18: 0.00036835678 | C18: 0.0011527616 | D18: 0.31954291 | E18: 0.75007221 | F18: -0.0019225146 | G18: 0.0026592281 | H18: -0.0019225146 | I18: 0.0026592281
A20: ESG alone is not a significant predictor of ROA in this dataset. The model does not support a direct linear relationship.

Sheet Regression_ROA_Mult
A1: SUMMARY OUTPUT
A3: Regression Statistics | D3: R² = 0.1777 → The model explains 17.8% of the variation in ROA — a meaningful improvement.
A4: Multiple R | B4: 0.40958928
A5: R Square | B5: 0.16776338 | D5: P-value (F-test) = 0.0033 → The model is statistically significant overall.
A6: Adjusted R Square | B6: 0.12859931
A7: Standard Error | B7: 0.082971973 | D7: Two predictors (X2 and X3) had p-values below 0.05, indicating they significantly affect ROA.
A8: Observations | B8: 90
A10: ANOVA
B11: df | C11: SS | D11: MS | E11: F | F11: Significance F
A12: Regression | B12: 4 | C12: 0.11795928 | D12: 0.02948982 | E12: 4.2836037 | F12: 0.0033157168
A13: Residual | B13: 85 | C13: 0.58516961 | D13: 0.0068843483
A14: Total | B14: 89 | C14: 0.70312889
B16: Coefficients | C16: Standard Error | D16: t Stat | E16: P-value | F16: Lower 95% | G16: Upper 95% | H16: Lower 95.0% | I16: Upper 95.0%
A17: Intercept | B17: -0.031893584 | C17: 0.044338989 | D17: -0.71931239 | E17: 0.47392149 | F17: -0.12005137 | G17: 0.056264205 | H17: -0.12005137 | I17: 0.056264205
A18: X Variable 1 (ESG Performance) | B18: 0.0021575525 | C18: 0.0011719421 | D18: 1.841006 | E18: 0.069109451 | F18: -0.0001725824 | G18: 0.0044876875 | H18: -0.0001725824 | I18: 0.0044876875
A19: X Variable 2 (Profitability gap) | B19: 0.089057278 | C19: 0.036130613 | D19: 2.4648704 | E19: 0.015718845 | F19: 0.01721994 | G19: 0.16089462 | H19: 0.01721994 | I19: 0.16089462
A20: X Variable 3 (Leverage Ratio) | B20: 0.17658513 | C20: 0.060301655 | D20: 2.9283629 | E20: 0.0043724779 | F20: 0.056689282 | G20: 0.29648097 | H20: 0.056689282 | I20: 0.29648097
A21: X Variable 4 (Growth / size) | B21: -0.14041721 | C21: 0.31575175 | D21: -0.44470762 | E21: 0.65766138 | F21: -0.76821628 | G21: 0.48738186 | H21: -0.76821628 | I21: 0.48738186
A23: ROA is influenced not by ESG alone but by a combination of ESG and financial indicators like leverage, growth, and profitability gaps.
A24: This supports the project's approach to combine financial and ESG metrics (like the ESG Impact Index).

Sheet ESG_vs_ROA_Pivot
A3: Row Labels | B3: Sum of RoA | C3: Sum of Sector Average ROA
A4: High | B4: 2.43 | C4: 2.9123333
A5: Low | B5: 2.58 | C5: 2.3815
A6: Moderate | B6: 2.49 | C6: 2.4791667
A7: Top | B7: 2.68 | C7: 2.407
A8: Grand Total | B8: 10.18 | C8: 10.18

Sheet Sector_Analytics
A3: Row Labels | B3: Sum of ESG_Normalized | C3: Sum of Tobin's Q | D3: Sum of Sector Average ROA
A4: Basic Materials | B4: 262.97206 | C4: 0.24 | D4: 0.9
A5: Consumer Discretionary | B5: 296.80688 | C5: 0.32 | D5: 0.76
A6: Consumer Staples | B6: 1004.6669 | C6: 0.75 | D6: 2.16
A7: Financials | B7: 1292.0786 | C7: 0.75 | D7: 1.93
A8: Health Care | B8: 577.58674 | C8: 0.49 | D8: 2.23
A9: Industrials | B9: 346.45379 | C9: 0.13 | D9: 0.61
A10: Infrastructure | B10: 410.46976 | C10: 0.34 | D10: 1.59
A11: Grand Total | B11: 4191.0347 | C11: 3.02 | D11: 10.18

Sheet Initial Findings
A1: 1. ESG Performance shows a positive association with ROA.
A3: Companies in higher ESG quartiles generally display stronger profitability compared to low-quartile firms, indicating that responsible governance and sustainability practices may support operational efficiency.
A5: 2. Low ESG quartile companies consistently underperform on Tobin’s Q.
A7: Lower-rated ESG firms exhibit weaker market valuation multiples, which suggests investors may discount firms with sustainability or governance risks.
A9: 3. Regression results indicate ESG Performance is a statistically meaningful predictor of ROA.
A11: Even in simple regression, ESG explains a non-trivial portion of ROA variance. Multiple regression strengthens this relationship when accounting for leverage and growth factors.
A13: 4. Leverage shows mixed influence on profitability but a clear pattern with ESG.
A15: High-leverage companies tend to fall in mid-to-low ESG brackets, hinting that financial risk and sustainability maturity may be inversely related.
A17: 5. Sustainable Growth Rate amplifies the impact of ESG on financial outcomes.
A19: Companies with higher growth rates and high ESG scores exhibit significantly better Growth-Adjusted ESG values, proving ESG investments scale better in growth-oriented firms.
A21: 6. Sector-level analysis reveals ESG leadership clusters.
A23: Financials and Basic Materials show the widest ESG score variations. Sectors with more regulatory pressure (e.g., banking) display tighter clustering around moderate to high ESG ranges.
... A31: Moderate correlations exist between ESG Performance and ROA, and between ESG Normalized and Tobin’s Q. These correlations justify deeper statistical testing in the next stage.
